{"cameraMode":{"drawMode":0,"name":"Shaded","section":"Shading Mode"},"sceneLighting":true,"audioPlay":false,"sceneViewState":{"showFog":true,"showMaterialUpdate":false,"showSkybox":true,"showFlares":true,"showImageEffects":true,"showParticleSystems":true},"in2DMode":false,"pivot":{"x":-0.1846538931131363,"y":-0.000008065253496170044,"z":0.0},"rotation":{"x":0.0940447449684143,"y":-0.8865540027618408,"z":0.20691156387329102,"w":0.4029456675052643},"size":784.1519165039063,"orthographic":true}